Total Nacional;Comunidades y Ciudades Autónomas;Tipo de tareas informáticas;Periodo;Total
Total Nacional;;Utilizar al menos un conocimiento informático;2025;""
Total Nacional;;Utilizar al menos un conocimiento informático;2024;..
Total Nacional;;Utilizar al menos un conocimiento informático;2023;77,8
Total Nacional;;Utilizar al menos un conocimiento informático;2022;""
Total Nacional;;Utilizar al menos un conocimiento informático;2021;76,2
Total Nacional;;Utilizar al menos un conocimiento informático;2020;72,8
Total Nacional;;Transferir ficheros entre el ordenador y otros dispositivos;2025;""
Total Nacional;;Transferir ficheros entre el ordenador y otros dispositivos;2024;..
Total Nacional;;Transferir ficheros entre el ordenador y otros dispositivos;2023;..
Total Nacional;;Transferir ficheros entre el ordenador y otros dispositivos;2022;""
Total Nacional;;Transferir ficheros entre el ordenador y otros dispositivos;2021;..
Total Nacional;;Transferir ficheros entre el ordenador y otros dispositivos;2020;55
Total Nacional;;Instalar o configurar software o aplicaciones (apps);2025;""
Total Nacional;;Instalar o configurar software o aplicaciones (apps);2024;..
Total Nacional;;Instalar o configurar software o aplicaciones (apps);2023;66,2
Total Nacional;;Instalar o configurar software o aplicaciones (apps);2022;""
Total Nacional;;Instalar o configurar software o aplicaciones (apps);2021;64,4
Total Nacional;;Instalar o configurar software o aplicaciones (apps);2020;60,6
Total Nacional;;Copiar o mover ficheros o carpetas;2025;""
Total Nacional;;Copiar o mover ficheros o carpetas;2024;..
Total Nacional;;Copiar o mover ficheros o carpetas;2023;63,8
Total Nacional;;Copiar o mover ficheros o carpetas;2022;""
Total Nacional;;Copiar o mover ficheros o carpetas;2021;64,7
Total Nacional;;Copiar o mover ficheros o carpetas;2020;60,8
Total Nacional;;Crear presentaciones o documentos que integren texto, tablas o gráficos;2025;""
Total Nacional;;Crear presentaciones o documentos que integren texto, tablas o gráficos;2024;..
Total Nacional;;Crear presentaciones o documentos que integren texto, tablas o gráficos;2023;50,3
Total Nacional;;Crear presentaciones o documentos que integren texto, tablas o gráficos;2022;""
Total Nacional;;Crear presentaciones o documentos que integren texto, tablas o gráficos;2021;47,9
Total Nacional;;Crear presentaciones o documentos que integren texto, tablas o gráficos;2020;42,8
Total Nacional;;Usar hojas de cálculo;2025;""
Total Nacional;;Usar hojas de cálculo;2024;..
Total Nacional;;Usar hojas de cálculo;2023;40,6
Total Nacional;;Usar hojas de cálculo;2022;""
Total Nacional;;Usar hojas de cálculo;2021;41,6
Total Nacional;;Usar hojas de cálculo;2020;40,4
Total Nacional;;Programar en un lenguaje de programación;2025;""
Total Nacional;;Programar en un lenguaje de programación;2024;..
Total Nacional;;Programar en un lenguaje de programación;2023;8,7
Total Nacional;;Programar en un lenguaje de programación;2022;""
Total Nacional;;Programar en un lenguaje de programación;2021;7,7
Total Nacional;;Programar en un lenguaje de programación;2020;7
Total Nacional;Andalucía;Utilizar al menos un conocimiento informático;2025;""
Total Nacional;Andalucía;Utilizar al menos un conocimiento informático;2024;..
Total Nacional;Andalucía;Utilizar al menos un conocimiento informático;2023;75,1
Total Nacional;Andalucía;Utilizar al menos un conocimiento informático;2022;""
Total Nacional;Andalucía;Utilizar al menos un conocimiento informático;2021;71,8
Total Nacional;Andalucía;Utilizar al menos un conocimiento informático;2020;71,2
Total Nacional;Andalucía;Transferir ficheros entre el ordenador y otros dispositivos;2025;""
Total Nacional;Andalucía;Transferir ficheros entre el ordenador y otros dispositivos;2024;..
Total Nacional;Andalucía;Transferir ficheros entre el ordenador y otros dispositivos;2023;..
Total Nacional;Andalucía;Transferir ficheros entre el ordenador y otros dispositivos;2022;""
Total Nacional;Andalucía;Transferir ficheros entre el ordenador y otros dispositivos;2021;..
Total Nacional;Andalucía;Transferir ficheros entre el ordenador y otros dispositivos;2020;52,4
Total Nacional;Andalucía;Instalar o configurar software o aplicaciones (apps);2025;""
Total Nacional;Andalucía;Instalar o configurar software o aplicaciones (apps);2024;..
Total Nacional;Andalucía;Instalar o configurar software o aplicaciones (apps);2023;63,3
Total Nacional;Andalucía;Instalar o configurar software o aplicaciones (apps);2022;""
Total Nacional;Andalucía;Instalar o configurar software o aplicaciones (apps);2021;62
Total Nacional;Andalucía;Instalar o configurar software o aplicaciones (apps);2020;60,3
Total Nacional;Andalucía;Copiar o mover ficheros o carpetas;2025;""
Total Nacional;Andalucía;Copiar o mover ficheros o carpetas;2024;..
Total Nacional;Andalucía;Copiar o mover ficheros o carpetas;2023;60
Total Nacional;Andalucía;Copiar o mover ficheros o carpetas;2022;""
Total Nacional;Andalucía;Copiar o mover ficheros o carpetas;2021;60,3
Total Nacional;Andalucía;Copiar o mover ficheros o carpetas;2020;58,1
Total Nacional;Andalucía;Crear presentaciones o documentos que integren texto, tablas o gráficos;2025;""
Total Nacional;Andalucía;Crear presentaciones o documentos que integren texto, tablas o gráficos;2024;..
Total Nacional;Andalucía;Crear presentaciones o documentos que integren texto, tablas o gráficos;2023;49,1
Total Nacional;Andalucía;Crear presentaciones o documentos que integren texto, tablas o gráficos;2022;""
Total Nacional;Andalucía;Crear presentaciones o documentos que integren texto, tablas o gráficos;2021;43
Total Nacional;Andalucía;Crear presentaciones o documentos que integren texto, tablas o gráficos;2020;39,8
Total Nacional;Andalucía;Usar hojas de cálculo;2025;""
Total Nacional;Andalucía;Usar hojas de cálculo;2024;..
Total Nacional;Andalucía;Usar hojas de cálculo;2023;34,7
Total Nacional;Andalucía;Usar hojas de cálculo;2022;""
Total Nacional;Andalucía;Usar hojas de cálculo;2021;37,2
Total Nacional;Andalucía;Usar hojas de cálculo;2020;34,7
Total Nacional;Andalucía;Programar en un lenguaje de programación;2025;""
Total Nacional;Andalucía;Programar en un lenguaje de programación;2024;..
Total Nacional;Andalucía;Programar en un lenguaje de programación;2023;7,7
Total Nacional;Andalucía;Programar en un lenguaje de programación;2022;""
Total Nacional;Andalucía;Programar en un lenguaje de programación;2021;6,7
Total Nacional;Andalucía;Programar en un lenguaje de programación;2020;4,4
Total Nacional;Aragón;Utilizar al menos un conocimiento informático;2025;""
Total Nacional;Aragón;Utilizar al menos un conocimiento informático;2024;..
Total Nacional;Aragón;Utilizar al menos un conocimiento informático;2023;74,9
Total Nacional;Aragón;Utilizar al menos un conocimiento informático;2022;""
Total Nacional;Aragón;Utilizar al menos un conocimiento informático;2021;75,5
Total Nacional;Aragón;Utilizar al menos un conocimiento informático;2020;68,9
Total Nacional;Aragón;Transferir ficheros entre el ordenador y otros dispositivos;2025;""
Total Nacional;Aragón;Transferir ficheros entre el ordenador y otros dispositivos;2024;..
Total Nacional;Aragón;Transferir ficheros entre el ordenador y otros dispositivos;2023;..
Total Nacional;Aragón;Transferir ficheros entre el ordenador y otros dispositivos;2022;""
Total Nacional;Aragón;Transferir ficheros entre el ordenador y otros dispositivos;2021;..
Total Nacional;Aragón;Transferir ficheros entre el ordenador y otros dispositivos;2020;56,2
Total Nacional;Aragón;Instalar o configurar software o aplicaciones (apps);2025;""
Total Nacional;Aragón;Instalar o configurar software o aplicaciones (apps);2024;..
Total Nacional;Aragón;Instalar o configurar software o aplicaciones (apps);2023;62,1
Total Nacional;Aragón;Instalar o configurar software o aplicaciones (apps);2022;""
Total Nacional;Aragón;Instalar o configurar software o aplicaciones (apps);2021;62,7
Total Nacional;Aragón;Instalar o configurar software o aplicaciones (apps);2020;56,3
Total Nacional;Aragón;Copiar o mover ficheros o carpetas;2025;""
Total Nacional;Aragón;Copiar o mover ficheros o carpetas;2024;..
Total Nacional;Aragón;Copiar o mover ficheros o carpetas;2023;63,1
Total Nacional;Aragón;Copiar o mover ficheros o carpetas;2022;""
Total Nacional;Aragón;Copiar o mover ficheros o carpetas;2021;61,6
Total Nacional;Aragón;Copiar o mover ficheros o carpetas;2020;59,2
Total Nacional;Aragón;Crear presentaciones o documentos que integren texto, tablas o gráficos;2025;""
Total Nacional;Aragón;Crear presentaciones o documentos que integren texto, tablas o gráficos;2024;..
Total Nacional;Aragón;Crear presentaciones o documentos que integren texto, tablas o gráficos;2023;45,4
Total Nacional;Aragón;Crear presentaciones o documentos que integren texto, tablas o gráficos;2022;""
Total Nacional;Aragón;Crear presentaciones o documentos que integren texto, tablas o gráficos;2021;46
Total Nacional;Aragón;Crear presentaciones o documentos que integren texto, tablas o gráficos;2020;42,3
Total Nacional;Aragón;Usar hojas de cálculo;2025;""
Total Nacional;Aragón;Usar hojas de cálculo;2024;..
Total Nacional;Aragón;Usar hojas de cálculo;2023;38,5
Total Nacional;Aragón;Usar hojas de cálculo;2022;""
Total Nacional;Aragón;Usar hojas de cálculo;2021;38,2
Total Nacional;Aragón;Usar hojas de cálculo;2020;40,6
Total Nacional;Aragón;Programar en un lenguaje de programación;2025;""
Total Nacional;Aragón;Programar en un lenguaje de programación;2024;..
Total Nacional;Aragón;Programar en un lenguaje de programación;2023;7
Total Nacional;Aragón;Programar en un lenguaje de programación;2022;""
Total Nacional;Aragón;Programar en un lenguaje de programación;2021;6,4
Total Nacional;Aragón;Programar en un lenguaje de programación;2020;6,5
Total Nacional;Asturias, Principado de;Utilizar al menos un conocimiento informático;2025;""
Total Nacional;Asturias, Principado de;Utilizar al menos un conocimiento informático;2024;..
Total Nacional;Asturias, Principado de;Utilizar al menos un conocimiento informático;2023;76,7
Total Nacional;Asturias, Principado de;Utilizar al menos un conocimiento informático;2022;""
Total Nacional;Asturias, Principado de;Utilizar al menos un conocimiento informático;2021;74,4
Total Nacional;Asturias, Principado de;Utilizar al menos un conocimiento informático;2020;66,3
Total Nacional;Asturias, Principado de;Transferir ficheros entre el ordenador y otros dispositivos;2025;""
Total Nacional;Asturias, Principado de;Transferir ficheros entre el ordenador y otros dispositivos;2024;..
Total Nacional;Asturias, Principado de;Transferir ficheros entre el ordenador y otros dispositivos;2023;..
Total Nacional;Asturias, Principado de;Transferir ficheros entre el ordenador y otros dispositivos;2022;""
Total Nacional;Asturias, Principado de;Transferir ficheros entre el ordenador y otros dispositivos;2021;..
Total Nacional;Asturias, Principado de;Transferir ficheros entre el ordenador y otros dispositivos;2020;48,1
Total Nacional;Asturias, Principado de;Instalar o configurar software o aplicaciones (apps);2025;""
Total Nacional;Asturias, Principado de;Instalar o configurar software o aplicaciones (apps);2024;..
Total Nacional;Asturias, Principado de;Instalar o configurar software o aplicaciones (apps);2023;66,1
Total Nacional;Asturias, Principado de;Instalar o configurar software o aplicaciones (apps);2022;""
Total Nacional;Asturias, Principado de;Instalar o configurar software o aplicaciones (apps);2021;61,4
Total Nacional;Asturias, Principado de;Instalar o configurar software o aplicaciones (apps);2020;55
Total Nacional;Asturias, Principado de;Copiar o mover ficheros o carpetas;2025;""
Total Nacional;Asturias, Principado de;Copiar o mover ficheros o carpetas;2024;..
Total Nacional;Asturias, Principado de;Copiar o mover ficheros o carpetas;2023;61,8
Total Nacional;Asturias, Principado de;Copiar o mover ficheros o carpetas;2022;""
Total Nacional;Asturias, Principado de;Copiar o mover ficheros o carpetas;2021;65,3
Total Nacional;Asturias, Principado de;Copiar o mover ficheros o carpetas;2020;53,5
Total Nacional;Asturias, Principado de;Crear presentaciones o documentos que integren texto, tablas o gráficos;2025;""
Total Nacional;Asturias, Principado de;Crear presentaciones o documentos que integren texto, tablas o gráficos;2024;..
Total Nacional;Asturias, Principado de;Crear presentaciones o documentos que integren texto, tablas o gráficos;2023;45,3
Total Nacional;Asturias, Principado de;Crear presentaciones o documentos que integren texto, tablas o gráficos;2022;""
Total Nacional;Asturias, Principado de;Crear presentaciones o documentos que integren texto, tablas o gráficos;2021;42,9
Total Nacional;Asturias, Principado de;Crear presentaciones o documentos que integren texto, tablas o gráficos;2020;36,8
Total Nacional;Asturias, Principado de;Usar hojas de cálculo;2025;""
Total Nacional;Asturias, Principado de;Usar hojas de cálculo;2024;..
Total Nacional;Asturias, Principado de;Usar hojas de cálculo;2023;31,9
Total Nacional;Asturias, Principado de;Usar hojas de cálculo;2022;""
Total Nacional;Asturias, Principado de;Usar hojas de cálculo;2021;34,3
Total Nacional;Asturias, Principado de;Usar hojas de cálculo;2020;32,6
Total Nacional;Asturias, Principado de;Programar en un lenguaje de programación;2025;""
Total Nacional;Asturias, Principado de;Programar en un lenguaje de programación;2024;..
Total Nacional;Asturias, Principado de;Programar en un lenguaje de programación;2023;7,1
Total Nacional;Asturias, Principado de;Programar en un lenguaje de programación;2022;""
Total Nacional;Asturias, Principado de;Programar en un lenguaje de programación;2021;6,5
Total Nacional;Asturias, Principado de;Programar en un lenguaje de programación;2020;5,1
Total Nacional;Balears, Illes;Utilizar al menos un conocimiento informático;2025;""
Total Nacional;Balears, Illes;Utilizar al menos un conocimiento informático;2024;..
Total Nacional;Balears, Illes;Utilizar al menos un conocimiento informático;2023;77,2
Total Nacional;Balears, Illes;Utilizar al menos un conocimiento informático;2022;""
Total Nacional;Balears, Illes;Utilizar al menos un conocimiento informático;2021;75,6
Total Nacional;Balears, Illes;Utilizar al menos un conocimiento informático;2020;72,4
Total Nacional;Balears, Illes;Transferir ficheros entre el ordenador y otros dispositivos;2025;""
Total Nacional;Balears, Illes;Transferir ficheros entre el ordenador y otros dispositivos;2024;..
Total Nacional;Balears, Illes;Transferir ficheros entre el ordenador y otros dispositivos;2023;..
Total Nacional;Balears, Illes;Transferir ficheros entre el ordenador y otros dispositivos;2022;""
Total Nacional;Balears, Illes;Transferir ficheros entre el ordenador y otros dispositivos;2021;..
Total Nacional;Balears, Illes;Transferir ficheros entre el ordenador y otros dispositivos;2020;49,8
Total Nacional;Balears, Illes;Instalar o configurar software o aplicaciones (apps);2025;""
Total Nacional;Balears, Illes;Instalar o configurar software o aplicaciones (apps);2024;..
Total Nacional;Balears, Illes;Instalar o configurar software o aplicaciones (apps);2023;63,8
Total Nacional;Balears, Illes;Instalar o configurar software o aplicaciones (apps);2022;""
Total Nacional;Balears, Illes;Instalar o configurar software o aplicaciones (apps);2021;62,9
Total Nacional;Balears, Illes;Instalar o configurar software o aplicaciones (apps);2020;59
Total Nacional;Balears, Illes;Copiar o mover ficheros o carpetas;2025;""
Total Nacional;Balears, Illes;Copiar o mover ficheros o carpetas;2024;..
Total Nacional;Balears, Illes;Copiar o mover ficheros o carpetas;2023;63,5
Total Nacional;Balears, Illes;Copiar o mover ficheros o carpetas;2022;""
Total Nacional;Balears, Illes;Copiar o mover ficheros o carpetas;2021;62,7
Total Nacional;Balears, Illes;Copiar o mover ficheros o carpetas;2020;60,4
Total Nacional;Balears, Illes;Crear presentaciones o documentos que integren texto, tablas o gráficos;2025;""
Total Nacional;Balears, Illes;Crear presentaciones o documentos que integren texto, tablas o gráficos;2024;..
Total Nacional;Balears, Illes;Crear presentaciones o documentos que integren texto, tablas o gráficos;2023;48,2
Total Nacional;Balears, Illes;Crear presentaciones o documentos que integren texto, tablas o gráficos;2022;""
Total Nacional;Balears, Illes;Crear presentaciones o documentos que integren texto, tablas o gráficos;2021;46
Total Nacional;Balears, Illes;Crear presentaciones o documentos que integren texto, tablas o gráficos;2020;38,7
Total Nacional;Balears, Illes;Usar hojas de cálculo;2025;""
Total Nacional;Balears, Illes;Usar hojas de cálculo;2024;..
Total Nacional;Balears, Illes;Usar hojas de cálculo;2023;41,7
Total Nacional;Balears, Illes;Usar hojas de cálculo;2022;""
Total Nacional;Balears, Illes;Usar hojas de cálculo;2021;42,5
Total Nacional;Balears, Illes;Usar hojas de cálculo;2020;41,5
Total Nacional;Balears, Illes;Programar en un lenguaje de programación;2025;""
Total Nacional;Balears, Illes;Programar en un lenguaje de programación;2024;..
Total Nacional;Balears, Illes;Programar en un lenguaje de programación;2023;7
Total Nacional;Balears, Illes;Programar en un lenguaje de programación;2022;""
Total Nacional;Balears, Illes;Programar en un lenguaje de programación;2021;8,5
Total Nacional;Balears, Illes;Programar en un lenguaje de programación;2020;4,7
Total Nacional;Canarias;Utilizar al menos un conocimiento informático;2025;""
Total Nacional;Canarias;Utilizar al menos un conocimiento informático;2024;..
Total Nacional;Canarias;Utilizar al menos un conocimiento informático;2023;76,8
Total Nacional;Canarias;Utilizar al menos un conocimiento informático;2022;""
Total Nacional;Canarias;Utilizar al menos un conocimiento informático;2021;79,2
Total Nacional;Canarias;Utilizar al menos un conocimiento informático;2020;69,4
Total Nacional;Canarias;Transferir ficheros entre el ordenador y otros dispositivos;2025;""
Total Nacional;Canarias;Transferir ficheros entre el ordenador y otros dispositivos;2024;..
Total Nacional;Canarias;Transferir ficheros entre el ordenador y otros dispositivos;2023;..
Total Nacional;Canarias;Transferir ficheros entre el ordenador y otros dispositivos;2022;""
Total Nacional;Canarias;Transferir ficheros entre el ordenador y otros dispositivos;2021;..
Total Nacional;Canarias;Transferir ficheros entre el ordenador y otros dispositivos;2020;49,1
Total Nacional;Canarias;Instalar o configurar software o aplicaciones (apps);2025;""
Total Nacional;Canarias;Instalar o configurar software o aplicaciones (apps);2024;..
Total Nacional;Canarias;Instalar o configurar software o aplicaciones (apps);2023;65,9
Total Nacional;Canarias;Instalar o configurar software o aplicaciones (apps);2022;""
Total Nacional;Canarias;Instalar o configurar software o aplicaciones (apps);2021;67,8
Total Nacional;Canarias;Instalar o configurar software o aplicaciones (apps);2020;58,1
Total Nacional;Canarias;Copiar o mover ficheros o carpetas;2025;""
Total Nacional;Canarias;Copiar o mover ficheros o carpetas;2024;..
Total Nacional;Canarias;Copiar o mover ficheros o carpetas;2023;63,3
Total Nacional;Canarias;Copiar o mover ficheros o carpetas;2022;""
Total Nacional;Canarias;Copiar o mover ficheros o carpetas;2021;63,7
Total Nacional;Canarias;Copiar o mover ficheros o carpetas;2020;59,1
Total Nacional;Canarias;Crear presentaciones o documentos que integren texto, tablas o gráficos;2025;""
Total Nacional;Canarias;Crear presentaciones o documentos que integren texto, tablas o gráficos;2024;..
Total Nacional;Canarias;Crear presentaciones o documentos que integren texto, tablas o gráficos;2023;48,8
Total Nacional;Canarias;Crear presentaciones o documentos que integren texto, tablas o gráficos;2022;""
Total Nacional;Canarias;Crear presentaciones o documentos que integren texto, tablas o gráficos;2021;48,2
Total Nacional;Canarias;Crear presentaciones o documentos que integren texto, tablas o gráficos;2020;45,7
Total Nacional;Canarias;Usar hojas de cálculo;2025;""
Total Nacional;Canarias;Usar hojas de cálculo;2024;..
Total Nacional;Canarias;Usar hojas de cálculo;2023;36,8
Total Nacional;Canarias;Usar hojas de cálculo;2022;""
Total Nacional;Canarias;Usar hojas de cálculo;2021;38,5
Total Nacional;Canarias;Usar hojas de cálculo;2020;35,8
Total Nacional;Canarias;Programar en un lenguaje de programación;2025;""
Total Nacional;Canarias;Programar en un lenguaje de programación;2024;..
Total Nacional;Canarias;Programar en un lenguaje de programación;2023;11,4
Total Nacional;Canarias;Programar en un lenguaje de programación;2022;""
Total Nacional;Canarias;Programar en un lenguaje de programación;2021;6,9
Total Nacional;Canarias;Programar en un lenguaje de programación;2020;8
Total Nacional;Cantabria;Utilizar al menos un conocimiento informático;2025;""
Total Nacional;Cantabria;Utilizar al menos un conocimiento informático;2024;..
Total Nacional;Cantabria;Utilizar al menos un conocimiento informático;2023;75,6
Total Nacional;Cantabria;Utilizar al menos un conocimiento informático;2022;""
Total Nacional;Cantabria;Utilizar al menos un conocimiento informático;2021;72,5
Total Nacional;Cantabria;Utilizar al menos un conocimiento informático;2020;64,9
Total Nacional;Cantabria;Transferir ficheros entre el ordenador y otros dispositivos;2025;""
Total Nacional;Cantabria;Transferir ficheros entre el ordenador y otros dispositivos;2024;..
Total Nacional;Cantabria;Transferir ficheros entre el ordenador y otros dispositivos;2023;..
Total Nacional;Cantabria;Transferir ficheros entre el ordenador y otros dispositivos;2022;""
Total Nacional;Cantabria;Transferir ficheros entre el ordenador y otros dispositivos;2021;..
Total Nacional;Cantabria;Transferir ficheros entre el ordenador y otros dispositivos;2020;48,3
Total Nacional;Cantabria;Instalar o configurar software o aplicaciones (apps);2025;""
Total Nacional;Cantabria;Instalar o configurar software o aplicaciones (apps);2024;..
Total Nacional;Cantabria;Instalar o configurar software o aplicaciones (apps);2023;61,9
Total Nacional;Cantabria;Instalar o configurar software o aplicaciones (apps);2022;""
Total Nacional;Cantabria;Instalar o configurar software o aplicaciones (apps);2021;60,6
Total Nacional;Cantabria;Instalar o configurar software o aplicaciones (apps);2020;50
Total Nacional;Cantabria;Copiar o mover ficheros o carpetas;2025;""
Total Nacional;Cantabria;Copiar o mover ficheros o carpetas;2024;..
Total Nacional;Cantabria;Copiar o mover ficheros o carpetas;2023;61,4
Total Nacional;Cantabria;Copiar o mover ficheros o carpetas;2022;""
Total Nacional;Cantabria;Copiar o mover ficheros o carpetas;2021;62,1
Total Nacional;Cantabria;Copiar o mover ficheros o carpetas;2020;53,6
Total Nacional;Cantabria;Crear presentaciones o documentos que integren texto, tablas o gráficos;2025;""
Total Nacional;Cantabria;Crear presentaciones o documentos que integren texto, tablas o gráficos;2024;..
Total Nacional;Cantabria;Crear presentaciones o documentos que integren texto, tablas o gráficos;2023;46
Total Nacional;Cantabria;Crear presentaciones o documentos que integren texto, tablas o gráficos;2022;""
Total Nacional;Cantabria;Crear presentaciones o documentos que integren texto, tablas o gráficos;2021;44,7
Total Nacional;Cantabria;Crear presentaciones o documentos que integren texto, tablas o gráficos;2020;36,6
Total Nacional;Cantabria;Usar hojas de cálculo;2025;""
Total Nacional;Cantabria;Usar hojas de cálculo;2024;..
Total Nacional;Cantabria;Usar hojas de cálculo;2023;36,4
Total Nacional;Cantabria;Usar hojas de cálculo;2022;""
Total Nacional;Cantabria;Usar hojas de cálculo;2021;39,8
Total Nacional;Cantabria;Usar hojas de cálculo;2020;31,4
Total Nacional;Cantabria;Programar en un lenguaje de programación;2025;""
Total Nacional;Cantabria;Programar en un lenguaje de programación;2024;..
Total Nacional;Cantabria;Programar en un lenguaje de programación;2023;5,9
Total Nacional;Cantabria;Programar en un lenguaje de programación;2022;""
Total Nacional;Cantabria;Programar en un lenguaje de programación;2021;10
Total Nacional;Cantabria;Programar en un lenguaje de programación;2020;4,2
Total Nacional;Castilla y León;Utilizar al menos un conocimiento informático;2025;""
Total Nacional;Castilla y León;Utilizar al menos un conocimiento informático;2024;..
Total Nacional;Castilla y León;Utilizar al menos un conocimiento informático;2023;75,3
Total Nacional;Castilla y León;Utilizar al menos un conocimiento informático;2022;""
Total Nacional;Castilla y León;Utilizar al menos un conocimiento informático;2021;75,1
Total Nacional;Castilla y León;Utilizar al menos un conocimiento informático;2020;72
Total Nacional;Castilla y León;Transferir ficheros entre el ordenador y otros dispositivos;2025;""
Total Nacional;Castilla y León;Transferir ficheros entre el ordenador y otros dispositivos;2024;..
Total Nacional;Castilla y León;Transferir ficheros entre el ordenador y otros dispositivos;2023;..
Total Nacional;Castilla y León;Transferir ficheros entre el ordenador y otros dispositivos;2022;""
Total Nacional;Castilla y León;Transferir ficheros entre el ordenador y otros dispositivos;2021;..
Total Nacional;Castilla y León;Transferir ficheros entre el ordenador y otros dispositivos;2020;53,2
Total Nacional;Castilla y León;Instalar o configurar software o aplicaciones (apps);2025;""
Total Nacional;Castilla y León;Instalar o configurar software o aplicaciones (apps);2024;..
Total Nacional;Castilla y León;Instalar o configurar software o aplicaciones (apps);2023;65,5
Total Nacional;Castilla y León;Instalar o configurar software o aplicaciones (apps);2022;""
Total Nacional;Castilla y León;Instalar o configurar software o aplicaciones (apps);2021;62,3
Total Nacional;Castilla y León;Instalar o configurar software o aplicaciones (apps);2020;57,5
Total Nacional;Castilla y León;Copiar o mover ficheros o carpetas;2025;""
Total Nacional;Castilla y León;Copiar o mover ficheros o carpetas;2024;..
Total Nacional;Castilla y León;Copiar o mover ficheros o carpetas;2023;61,2
Total Nacional;Castilla y León;Copiar o mover ficheros o carpetas;2022;""
Total Nacional;Castilla y León;Copiar o mover ficheros o carpetas;2021;65
Total Nacional;Castilla y León;Copiar o mover ficheros o carpetas;2020;59
Total Nacional;Castilla y León;Crear presentaciones o documentos que integren texto, tablas o gráficos;2025;""
Total Nacional;Castilla y León;Crear presentaciones o documentos que integren texto, tablas o gráficos;2024;..
Total Nacional;Castilla y León;Crear presentaciones o documentos que integren texto, tablas o gráficos;2023;49,3
Total Nacional;Castilla y León;Crear presentaciones o documentos que integren texto, tablas o gráficos;2022;""
Total Nacional;Castilla y León;Crear presentaciones o documentos que integren texto, tablas o gráficos;2021;47,3
Total Nacional;Castilla y León;Crear presentaciones o documentos que integren texto, tablas o gráficos;2020;41,4
Total Nacional;Castilla y León;Usar hojas de cálculo;2025;""
Total Nacional;Castilla y León;Usar hojas de cálculo;2024;..
Total Nacional;Castilla y León;Usar hojas de cálculo;2023;38,5
Total Nacional;Castilla y León;Usar hojas de cálculo;2022;""
Total Nacional;Castilla y León;Usar hojas de cálculo;2021;38,9
Total Nacional;Castilla y León;Usar hojas de cálculo;2020;36,7
Total Nacional;Castilla y León;Programar en un lenguaje de programación;2025;""
Total Nacional;Castilla y León;Programar en un lenguaje de programación;2024;..
Total Nacional;Castilla y León;Programar en un lenguaje de programación;2023;8,9
Total Nacional;Castilla y León;Programar en un lenguaje de programación;2022;""
Total Nacional;Castilla y León;Programar en un lenguaje de programación;2021;5,6
Total Nacional;Castilla y León;Programar en un lenguaje de programación;2020;5,1
Total Nacional;Castilla - La Mancha;Utilizar al menos un conocimiento informático;2025;""
Total Nacional;Castilla - La Mancha;Utilizar al menos un conocimiento informático;2024;..
Total Nacional;Castilla - La Mancha;Utilizar al menos un conocimiento informático;2023;73,9
Total Nacional;Castilla - La Mancha;Utilizar al menos un conocimiento informático;2022;""
Total Nacional;Castilla - La Mancha;Utilizar al menos un conocimiento informático;2021;71,6
Total Nacional;Castilla - La Mancha;Utilizar al menos un conocimiento informático;2020;68,6
Total Nacional;Castilla - La Mancha;Transferir ficheros entre el ordenador y otros dispositivos;2025;""
Total Nacional;Castilla - La Mancha;Transferir ficheros entre el ordenador y otros dispositivos;2024;..
Total Nacional;Castilla - La Mancha;Transferir ficheros entre el ordenador y otros dispositivos;2023;..
Total Nacional;Castilla - La Mancha;Transferir ficheros entre el ordenador y otros dispositivos;2022;""
Total Nacional;Castilla - La Mancha;Transferir ficheros entre el ordenador y otros dispositivos;2021;..
Total Nacional;Castilla - La Mancha;Transferir ficheros entre el ordenador y otros dispositivos;2020;50
Total Nacional;Castilla - La Mancha;Instalar o configurar software o aplicaciones (apps);2025;""
Total Nacional;Castilla - La Mancha;Instalar o configurar software o aplicaciones (apps);2024;..
Total Nacional;Castilla - La Mancha;Instalar o configurar software o aplicaciones (apps);2023;60,2
Total Nacional;Castilla - La Mancha;Instalar o configurar software o aplicaciones (apps);2022;""
Total Nacional;Castilla - La Mancha;Instalar o configurar software o aplicaciones (apps);2021;58,7
Total Nacional;Castilla - La Mancha;Instalar o configurar software o aplicaciones (apps);2020;51,7
Total Nacional;Castilla - La Mancha;Copiar o mover ficheros o carpetas;2025;""
Total Nacional;Castilla - La Mancha;Copiar o mover ficheros o carpetas;2024;..
Total Nacional;Castilla - La Mancha;Copiar o mover ficheros o carpetas;2023;60,8
Total Nacional;Castilla - La Mancha;Copiar o mover ficheros o carpetas;2022;""
Total Nacional;Castilla - La Mancha;Copiar o mover ficheros o carpetas;2021;59,6
Total Nacional;Castilla - La Mancha;Copiar o mover ficheros o carpetas;2020;57,5
Total Nacional;Castilla - La Mancha;Crear presentaciones o documentos que integren texto, tablas o gráficos;2025;""
Total Nacional;Castilla - La Mancha;Crear presentaciones o documentos que integren texto, tablas o gráficos;2024;..
Total Nacional;Castilla - La Mancha;Crear presentaciones o documentos que integren texto, tablas o gráficos;2023;47,4
Total Nacional;Castilla - La Mancha;Crear presentaciones o documentos que integren texto, tablas o gráficos;2022;""
Total Nacional;Castilla - La Mancha;Crear presentaciones o documentos que integren texto, tablas o gráficos;2021;42,2
Total Nacional;Castilla - La Mancha;Crear presentaciones o documentos que integren texto, tablas o gráficos;2020;38
Total Nacional;Castilla - La Mancha;Usar hojas de cálculo;2025;""
Total Nacional;Castilla - La Mancha;Usar hojas de cálculo;2024;..
Total Nacional;Castilla - La Mancha;Usar hojas de cálculo;2023;35,7
Total Nacional;Castilla - La Mancha;Usar hojas de cálculo;2022;""
Total Nacional;Castilla - La Mancha;Usar hojas de cálculo;2021;32,6
Total Nacional;Castilla - La Mancha;Usar hojas de cálculo;2020;32,3
Total Nacional;Castilla - La Mancha;Programar en un lenguaje de programación;2025;""
Total Nacional;Castilla - La Mancha;Programar en un lenguaje de programación;2024;..
Total Nacional;Castilla - La Mancha;Programar en un lenguaje de programación;2023;8,8
Total Nacional;Castilla - La Mancha;Programar en un lenguaje de programación;2022;""
Total Nacional;Castilla - La Mancha;Programar en un lenguaje de programación;2021;4,5
Total Nacional;Castilla - La Mancha;Programar en un lenguaje de programación;2020;4,2
Total Nacional;Cataluña;Utilizar al menos un conocimiento informático;2025;""
Total Nacional;Cataluña;Utilizar al menos un conocimiento informático;2024;..
Total Nacional;Cataluña;Utilizar al menos un conocimiento informático;2023;82,5
Total Nacional;Cataluña;Utilizar al menos un conocimiento informático;2022;""
Total Nacional;Cataluña;Utilizar al menos un conocimiento informático;2021;78,5
Total Nacional;Cataluña;Utilizar al menos un conocimiento informático;2020;78,2
Total Nacional;Cataluña;Transferir ficheros entre el ordenador y otros dispositivos;2025;""
Total Nacional;Cataluña;Transferir ficheros entre el ordenador y otros dispositivos;2024;..
Total Nacional;Cataluña;Transferir ficheros entre el ordenador y otros dispositivos;2023;..
Total Nacional;Cataluña;Transferir ficheros entre el ordenador y otros dispositivos;2022;""
Total Nacional;Cataluña;Transferir ficheros entre el ordenador y otros dispositivos;2021;..
Total Nacional;Cataluña;Transferir ficheros entre el ordenador y otros dispositivos;2020;61,1
Total Nacional;Cataluña;Instalar o configurar software o aplicaciones (apps);2025;""
Total Nacional;Cataluña;Instalar o configurar software o aplicaciones (apps);2024;..
Total Nacional;Cataluña;Instalar o configurar software o aplicaciones (apps);2023;71,4
Total Nacional;Cataluña;Instalar o configurar software o aplicaciones (apps);2022;""
Total Nacional;Cataluña;Instalar o configurar software o aplicaciones (apps);2021;66,3
Total Nacional;Cataluña;Instalar o configurar software o aplicaciones (apps);2020;66,1
Total Nacional;Cataluña;Copiar o mover ficheros o carpetas;2025;""
Total Nacional;Cataluña;Copiar o mover ficheros o carpetas;2024;..
Total Nacional;Cataluña;Copiar o mover ficheros o carpetas;2023;69,3
Total Nacional;Cataluña;Copiar o mover ficheros o carpetas;2022;""
Total Nacional;Cataluña;Copiar o mover ficheros o carpetas;2021;67,4
Total Nacional;Cataluña;Copiar o mover ficheros o carpetas;2020;66,7
Total Nacional;Cataluña;Crear presentaciones o documentos que integren texto, tablas o gráficos;2025;""
Total Nacional;Cataluña;Crear presentaciones o documentos que integren texto, tablas o gráficos;2024;..
Total Nacional;Cataluña;Crear presentaciones o documentos que integren texto, tablas o gráficos;2023;55,4
Total Nacional;Cataluña;Crear presentaciones o documentos que integren texto, tablas o gráficos;2022;""
Total Nacional;Cataluña;Crear presentaciones o documentos que integren texto, tablas o gráficos;2021;50,6
Total Nacional;Cataluña;Crear presentaciones o documentos que integren texto, tablas o gráficos;2020;48
Total Nacional;Cataluña;Usar hojas de cálculo;2025;""
Total Nacional;Cataluña;Usar hojas de cálculo;2024;..
Total Nacional;Cataluña;Usar hojas de cálculo;2023;49,5
Total Nacional;Cataluña;Usar hojas de cálculo;2022;""
Total Nacional;Cataluña;Usar hojas de cálculo;2021;45,6
Total Nacional;Cataluña;Usar hojas de cálculo;2020;47,8
Total Nacional;Cataluña;Programar en un lenguaje de programación;2025;""
Total Nacional;Cataluña;Programar en un lenguaje de programación;2024;..
Total Nacional;Cataluña;Programar en un lenguaje de programación;2023;9,3
Total Nacional;Cataluña;Programar en un lenguaje de programación;2022;""
Total Nacional;Cataluña;Programar en un lenguaje de programación;2021;8,4
Total Nacional;Cataluña;Programar en un lenguaje de programación;2020;8,3
Total Nacional;Comunitat Valenciana;Utilizar al menos un conocimiento informático;2025;""
Total Nacional;Comunitat Valenciana;Utilizar al menos un conocimiento informático;2024;..
Total Nacional;Comunitat Valenciana;Utilizar al menos un conocimiento informático;2023;78,5
Total Nacional;Comunitat Valenciana;Utilizar al menos un conocimiento informático;2022;""
Total Nacional;Comunitat Valenciana;Utilizar al menos un conocimiento informático;2021;78,5
Total Nacional;Comunitat Valenciana;Utilizar al menos un conocimiento informático;2020;74,2
Total Nacional;Comunitat Valenciana;Transferir ficheros entre el ordenador y otros dispositivos;2025;""
Total Nacional;Comunitat Valenciana;Transferir ficheros entre el ordenador y otros dispositivos;2024;..
Total Nacional;Comunitat Valenciana;Transferir ficheros entre el ordenador y otros dispositivos;2023;..
Total Nacional;Comunitat Valenciana;Transferir ficheros entre el ordenador y otros dispositivos;2022;""
Total Nacional;Comunitat Valenciana;Transferir ficheros entre el ordenador y otros dispositivos;2021;..
Total Nacional;Comunitat Valenciana;Transferir ficheros entre el ordenador y otros dispositivos;2020;56,4
Total Nacional;Comunitat Valenciana;Instalar o configurar software o aplicaciones (apps);2025;""
Total Nacional;Comunitat Valenciana;Instalar o configurar software o aplicaciones (apps);2024;..
Total Nacional;Comunitat Valenciana;Instalar o configurar software o aplicaciones (apps);2023;67,2
Total Nacional;Comunitat Valenciana;Instalar o configurar software o aplicaciones (apps);2022;""
Total Nacional;Comunitat Valenciana;Instalar o configurar software o aplicaciones (apps);2021;67,5
Total Nacional;Comunitat Valenciana;Instalar o configurar software o aplicaciones (apps);2020;62,5
Total Nacional;Comunitat Valenciana;Copiar o mover ficheros o carpetas;2025;""
Total Nacional;Comunitat Valenciana;Copiar o mover ficheros o carpetas;2024;..
Total Nacional;Comunitat Valenciana;Copiar o mover ficheros o carpetas;2023;63,6
Total Nacional;Comunitat Valenciana;Copiar o mover ficheros o carpetas;2022;""
Total Nacional;Comunitat Valenciana;Copiar o mover ficheros o carpetas;2021;67,3
Total Nacional;Comunitat Valenciana;Copiar o mover ficheros o carpetas;2020;61,8
Total Nacional;Comunitat Valenciana;Crear presentaciones o documentos que integren texto, tablas o gráficos;2025;""
Total Nacional;Comunitat Valenciana;Crear presentaciones o documentos que integren texto, tablas o gráficos;2024;..
Total Nacional;Comunitat Valenciana;Crear presentaciones o documentos que integren texto, tablas o gráficos;2023;49,8
Total Nacional;Comunitat Valenciana;Crear presentaciones o documentos que integren texto, tablas o gráficos;2022;""
Total Nacional;Comunitat Valenciana;Crear presentaciones o documentos que integren texto, tablas o gráficos;2021;48,2
Total Nacional;Comunitat Valenciana;Crear presentaciones o documentos que integren texto, tablas o gráficos;2020;37,8
Total Nacional;Comunitat Valenciana;Usar hojas de cálculo;2025;""
Total Nacional;Comunitat Valenciana;Usar hojas de cálculo;2024;..
Total Nacional;Comunitat Valenciana;Usar hojas de cálculo;2023;39,4
Total Nacional;Comunitat Valenciana;Usar hojas de cálculo;2022;""
Total Nacional;Comunitat Valenciana;Usar hojas de cálculo;2021;43,1
Total Nacional;Comunitat Valenciana;Usar hojas de cálculo;2020;38
Total Nacional;Comunitat Valenciana;Programar en un lenguaje de programación;2025;""
Total Nacional;Comunitat Valenciana;Programar en un lenguaje de programación;2024;..
Total Nacional;Comunitat Valenciana;Programar en un lenguaje de programación;2023;7,8
Total Nacional;Comunitat Valenciana;Programar en un lenguaje de programación;2022;""
Total Nacional;Comunitat Valenciana;Programar en un lenguaje de programación;2021;8,8
Total Nacional;Comunitat Valenciana;Programar en un lenguaje de programación;2020;7,1
Total Nacional;Extremadura;Utilizar al menos un conocimiento informático;2025;""
Total Nacional;Extremadura;Utilizar al menos un conocimiento informático;2024;..
Total Nacional;Extremadura;Utilizar al menos un conocimiento informático;2023;69,2
Total Nacional;Extremadura;Utilizar al menos un conocimiento informático;2022;""
Total Nacional;Extremadura;Utilizar al menos un conocimiento informático;2021;68,2
Total Nacional;Extremadura;Utilizar al menos un conocimiento informático;2020;70,9
Total Nacional;Extremadura;Transferir ficheros entre el ordenador y otros dispositivos;2025;""
Total Nacional;Extremadura;Transferir ficheros entre el ordenador y otros dispositivos;2024;..
Total Nacional;Extremadura;Transferir ficheros entre el ordenador y otros dispositivos;2023;..
Total Nacional;Extremadura;Transferir ficheros entre el ordenador y otros dispositivos;2022;""
Total Nacional;Extremadura;Transferir ficheros entre el ordenador y otros dispositivos;2021;..
Total Nacional;Extremadura;Transferir ficheros entre el ordenador y otros dispositivos;2020;54,6
Total Nacional;Extremadura;Instalar o configurar software o aplicaciones (apps);2025;""
Total Nacional;Extremadura;Instalar o configurar software o aplicaciones (apps);2024;..
Total Nacional;Extremadura;Instalar o configurar software o aplicaciones (apps);2023;57,9
Total Nacional;Extremadura;Instalar o configurar software o aplicaciones (apps);2022;""
Total Nacional;Extremadura;Instalar o configurar software o aplicaciones (apps);2021;55,4
Total Nacional;Extremadura;Instalar o configurar software o aplicaciones (apps);2020;60,2
Total Nacional;Extremadura;Copiar o mover ficheros o carpetas;2025;""
Total Nacional;Extremadura;Copiar o mover ficheros o carpetas;2024;..
Total Nacional;Extremadura;Copiar o mover ficheros o carpetas;2023;57,5
Total Nacional;Extremadura;Copiar o mover ficheros o carpetas;2022;""
Total Nacional;Extremadura;Copiar o mover ficheros o carpetas;2021;55,3
Total Nacional;Extremadura;Copiar o mover ficheros o carpetas;2020;58,9
Total Nacional;Extremadura;Crear presentaciones o documentos que integren texto, tablas o gráficos;2025;""
Total Nacional;Extremadura;Crear presentaciones o documentos que integren texto, tablas o gráficos;2024;..
Total Nacional;Extremadura;Crear presentaciones o documentos que integren texto, tablas o gráficos;2023;45,5
Total Nacional;Extremadura;Crear presentaciones o documentos que integren texto, tablas o gráficos;2022;""
Total Nacional;Extremadura;Crear presentaciones o documentos que integren texto, tablas o gráficos;2021;44,8
Total Nacional;Extremadura;Crear presentaciones o documentos que integren texto, tablas o gráficos;2020;37,5
Total Nacional;Extremadura;Usar hojas de cálculo;2025;""
Total Nacional;Extremadura;Usar hojas de cálculo;2024;..
Total Nacional;Extremadura;Usar hojas de cálculo;2023;32,6
Total Nacional;Extremadura;Usar hojas de cálculo;2022;""
Total Nacional;Extremadura;Usar hojas de cálculo;2021;32,2
Total Nacional;Extremadura;Usar hojas de cálculo;2020;35,7
Total Nacional;Extremadura;Programar en un lenguaje de programación;2025;""
Total Nacional;Extremadura;Programar en un lenguaje de programación;2024;..
Total Nacional;Extremadura;Programar en un lenguaje de programación;2023;7,2
Total Nacional;Extremadura;Programar en un lenguaje de programación;2022;""
Total Nacional;Extremadura;Programar en un lenguaje de programación;2021;8,6
Total Nacional;Extremadura;Programar en un lenguaje de programación;2020;5,1
Total Nacional;Galicia;Utilizar al menos un conocimiento informático;2025;""
Total Nacional;Galicia;Utilizar al menos un conocimiento informático;2024;..
Total Nacional;Galicia;Utilizar al menos un conocimiento informático;2023;74,5
Total Nacional;Galicia;Utilizar al menos un conocimiento informático;2022;""
Total Nacional;Galicia;Utilizar al menos un conocimiento informático;2021;71,2
Total Nacional;Galicia;Utilizar al menos un conocimiento informático;2020;63,3
Total Nacional;Galicia;Transferir ficheros entre el ordenador y otros dispositivos;2025;""
Total Nacional;Galicia;Transferir ficheros entre el ordenador y otros dispositivos;2024;..
Total Nacional;Galicia;Transferir ficheros entre el ordenador y otros dispositivos;2023;..
Total Nacional;Galicia;Transferir ficheros entre el ordenador y otros dispositivos;2022;""
Total Nacional;Galicia;Transferir ficheros entre el ordenador y otros dispositivos;2021;..
Total Nacional;Galicia;Transferir ficheros entre el ordenador y otros dispositivos;2020;49,1
Total Nacional;Galicia;Instalar o configurar software o aplicaciones (apps);2025;""
Total Nacional;Galicia;Instalar o configurar software o aplicaciones (apps);2024;..
Total Nacional;Galicia;Instalar o configurar software o aplicaciones (apps);2023;63,5
Total Nacional;Galicia;Instalar o configurar software o aplicaciones (apps);2022;""
Total Nacional;Galicia;Instalar o configurar software o aplicaciones (apps);2021;57,6
Total Nacional;Galicia;Instalar o configurar software o aplicaciones (apps);2020;51
Total Nacional;Galicia;Copiar o mover ficheros o carpetas;2025;""
Total Nacional;Galicia;Copiar o mover ficheros o carpetas;2024;..
Total Nacional;Galicia;Copiar o mover ficheros o carpetas;2023;61,7
Total Nacional;Galicia;Copiar o mover ficheros o carpetas;2022;""
Total Nacional;Galicia;Copiar o mover ficheros o carpetas;2021;60,1
Total Nacional;Galicia;Copiar o mover ficheros o carpetas;2020;52,4
Total Nacional;Galicia;Crear presentaciones o documentos que integren texto, tablas o gráficos;2025;""
Total Nacional;Galicia;Crear presentaciones o documentos que integren texto, tablas o gráficos;2024;..
Total Nacional;Galicia;Crear presentaciones o documentos que integren texto, tablas o gráficos;2023;47,7
Total Nacional;Galicia;Crear presentaciones o documentos que integren texto, tablas o gráficos;2022;""
Total Nacional;Galicia;Crear presentaciones o documentos que integren texto, tablas o gráficos;2021;46,4
Total Nacional;Galicia;Crear presentaciones o documentos que integren texto, tablas o gráficos;2020;37,6
Total Nacional;Galicia;Usar hojas de cálculo;2025;""
Total Nacional;Galicia;Usar hojas de cálculo;2024;..
Total Nacional;Galicia;Usar hojas de cálculo;2023;37,9
Total Nacional;Galicia;Usar hojas de cálculo;2022;""
Total Nacional;Galicia;Usar hojas de cálculo;2021;37,9
Total Nacional;Galicia;Usar hojas de cálculo;2020;34,5
Total Nacional;Galicia;Programar en un lenguaje de programación;2025;""
Total Nacional;Galicia;Programar en un lenguaje de programación;2024;..
Total Nacional;Galicia;Programar en un lenguaje de programación;2023;7,5
Total Nacional;Galicia;Programar en un lenguaje de programación;2022;""
Total Nacional;Galicia;Programar en un lenguaje de programación;2021;6
Total Nacional;Galicia;Programar en un lenguaje de programación;2020;5,7
Total Nacional;Madrid, Comunidad de;Utilizar al menos un conocimiento informático;2025;""
Total Nacional;Madrid, Comunidad de;Utilizar al menos un conocimiento informático;2024;..
Total Nacional;Madrid, Comunidad de;Utilizar al menos un conocimiento informático;2023;82,2
Total Nacional;Madrid, Comunidad de;Utilizar al menos un conocimiento informático;2022;""
Total Nacional;Madrid, Comunidad de;Utilizar al menos un conocimiento informático;2021;82,9
Total Nacional;Madrid, Comunidad de;Utilizar al menos un conocimiento informático;2020;77,8
Total Nacional;Madrid, Comunidad de;Transferir ficheros entre el ordenador y otros dispositivos;2025;""
Total Nacional;Madrid, Comunidad de;Transferir ficheros entre el ordenador y otros dispositivos;2024;..
Total Nacional;Madrid, Comunidad de;Transferir ficheros entre el ordenador y otros dispositivos;2023;..
Total Nacional;Madrid, Comunidad de;Transferir ficheros entre el ordenador y otros dispositivos;2022;""
Total Nacional;Madrid, Comunidad de;Transferir ficheros entre el ordenador y otros dispositivos;2021;..
Total Nacional;Madrid, Comunidad de;Transferir ficheros entre el ordenador y otros dispositivos;2020;62
Total Nacional;Madrid, Comunidad de;Instalar o configurar software o aplicaciones (apps);2025;""
Total Nacional;Madrid, Comunidad de;Instalar o configurar software o aplicaciones (apps);2024;..
Total Nacional;Madrid, Comunidad de;Instalar o configurar software o aplicaciones (apps);2023;70,6
Total Nacional;Madrid, Comunidad de;Instalar o configurar software o aplicaciones (apps);2022;""
Total Nacional;Madrid, Comunidad de;Instalar o configurar software o aplicaciones (apps);2021;72,2
Total Nacional;Madrid, Comunidad de;Instalar o configurar software o aplicaciones (apps);2020;65,8
Total Nacional;Madrid, Comunidad de;Copiar o mover ficheros o carpetas;2025;""
Total Nacional;Madrid, Comunidad de;Copiar o mover ficheros o carpetas;2024;..
Total Nacional;Madrid, Comunidad de;Copiar o mover ficheros o carpetas;2023;67,9
Total Nacional;Madrid, Comunidad de;Copiar o mover ficheros o carpetas;2022;""
Total Nacional;Madrid, Comunidad de;Copiar o mover ficheros o carpetas;2021;72
Total Nacional;Madrid, Comunidad de;Copiar o mover ficheros o carpetas;2020;66,6
Total Nacional;Madrid, Comunidad de;Crear presentaciones o documentos que integren texto, tablas o gráficos;2025;""
Total Nacional;Madrid, Comunidad de;Crear presentaciones o documentos que integren texto, tablas o gráficos;2024;..
Total Nacional;Madrid, Comunidad de;Crear presentaciones o documentos que integren texto, tablas o gráficos;2023;55,3
Total Nacional;Madrid, Comunidad de;Crear presentaciones o documentos que integren texto, tablas o gráficos;2022;""
Total Nacional;Madrid, Comunidad de;Crear presentaciones o documentos que integren texto, tablas o gráficos;2021;57
Total Nacional;Madrid, Comunidad de;Crear presentaciones o documentos que integren texto, tablas o gráficos;2020;52,3
Total Nacional;Madrid, Comunidad de;Usar hojas de cálculo;2025;""
Total Nacional;Madrid, Comunidad de;Usar hojas de cálculo;2024;..
Total Nacional;Madrid, Comunidad de;Usar hojas de cálculo;2023;49,1
Total Nacional;Madrid, Comunidad de;Usar hojas de cálculo;2022;""
Total Nacional;Madrid, Comunidad de;Usar hojas de cálculo;2021;51,8
Total Nacional;Madrid, Comunidad de;Usar hojas de cálculo;2020;52,2
Total Nacional;Madrid, Comunidad de;Programar en un lenguaje de programación;2025;""
Total Nacional;Madrid, Comunidad de;Programar en un lenguaje de programación;2024;..
Total Nacional;Madrid, Comunidad de;Programar en un lenguaje de programación;2023;11
Total Nacional;Madrid, Comunidad de;Programar en un lenguaje de programación;2022;""
Total Nacional;Madrid, Comunidad de;Programar en un lenguaje de programación;2021;10,5
Total Nacional;Madrid, Comunidad de;Programar en un lenguaje de programación;2020;11,8
Total Nacional;Murcia, Región de;Utilizar al menos un conocimiento informático;2025;""
Total Nacional;Murcia, Región de;Utilizar al menos un conocimiento informático;2024;..
Total Nacional;Murcia, Región de;Utilizar al menos un conocimiento informático;2023;75,9
Total Nacional;Murcia, Región de;Utilizar al menos un conocimiento informático;2022;""
Total Nacional;Murcia, Región de;Utilizar al menos un conocimiento informático;2021;76,5
Total Nacional;Murcia, Región de;Utilizar al menos un conocimiento informático;2020;67,8
Total Nacional;Murcia, Región de;Transferir ficheros entre el ordenador y otros dispositivos;2025;""
Total Nacional;Murcia, Región de;Transferir ficheros entre el ordenador y otros dispositivos;2024;..
Total Nacional;Murcia, Región de;Transferir ficheros entre el ordenador y otros dispositivos;2023;..
Total Nacional;Murcia, Región de;Transferir ficheros entre el ordenador y otros dispositivos;2022;""
Total Nacional;Murcia, Región de;Transferir ficheros entre el ordenador y otros dispositivos;2021;..
Total Nacional;Murcia, Región de;Transferir ficheros entre el ordenador y otros dispositivos;2020;45,8
Total Nacional;Murcia, Región de;Instalar o configurar software o aplicaciones (apps);2025;""
Total Nacional;Murcia, Región de;Instalar o configurar software o aplicaciones (apps);2024;..
Total Nacional;Murcia, Región de;Instalar o configurar software o aplicaciones (apps);2023;65,9
Total Nacional;Murcia, Región de;Instalar o configurar software o aplicaciones (apps);2022;""
Total Nacional;Murcia, Región de;Instalar o configurar software o aplicaciones (apps);2021;60,6
Total Nacional;Murcia, Región de;Instalar o configurar software o aplicaciones (apps);2020;56,7
Total Nacional;Murcia, Región de;Copiar o mover ficheros o carpetas;2025;""
Total Nacional;Murcia, Región de;Copiar o mover ficheros o carpetas;2024;..
Total Nacional;Murcia, Región de;Copiar o mover ficheros o carpetas;2023;62,2
Total Nacional;Murcia, Región de;Copiar o mover ficheros o carpetas;2022;""
Total Nacional;Murcia, Región de;Copiar o mover ficheros o carpetas;2021;64,3
Total Nacional;Murcia, Región de;Copiar o mover ficheros o carpetas;2020;51,1
Total Nacional;Murcia, Región de;Crear presentaciones o documentos que integren texto, tablas o gráficos;2025;""
Total Nacional;Murcia, Región de;Crear presentaciones o documentos que integren texto, tablas o gráficos;2024;..
Total Nacional;Murcia, Región de;Crear presentaciones o documentos que integren texto, tablas o gráficos;2023;42
Total Nacional;Murcia, Región de;Crear presentaciones o documentos que integren texto, tablas o gráficos;2022;""
Total Nacional;Murcia, Región de;Crear presentaciones o documentos que integren texto, tablas o gráficos;2021;43,4
Total Nacional;Murcia, Región de;Crear presentaciones o documentos que integren texto, tablas o gráficos;2020;34,8
Total Nacional;Murcia, Región de;Usar hojas de cálculo;2025;""
Total Nacional;Murcia, Región de;Usar hojas de cálculo;2024;..
Total Nacional;Murcia, Región de;Usar hojas de cálculo;2023;29
Total Nacional;Murcia, Región de;Usar hojas de cálculo;2022;""
Total Nacional;Murcia, Región de;Usar hojas de cálculo;2021;37,7
Total Nacional;Murcia, Región de;Usar hojas de cálculo;2020;35,3
Total Nacional;Murcia, Región de;Programar en un lenguaje de programación;2025;""
Total Nacional;Murcia, Región de;Programar en un lenguaje de programación;2024;..
Total Nacional;Murcia, Región de;Programar en un lenguaje de programación;2023;8
Total Nacional;Murcia, Región de;Programar en un lenguaje de programación;2022;""
Total Nacional;Murcia, Región de;Programar en un lenguaje de programación;2021;8,1
Total Nacional;Murcia, Región de;Programar en un lenguaje de programación;2020;8,6
Total Nacional;Navarra, Comunidad Foral de;Utilizar al menos un conocimiento informático;2025;""
Total Nacional;Navarra, Comunidad Foral de;Utilizar al menos un conocimiento informático;2024;..
Total Nacional;Navarra, Comunidad Foral de;Utilizar al menos un conocimiento informático;2023;78
Total Nacional;Navarra, Comunidad Foral de;Utilizar al menos un conocimiento informático;2022;""
Total Nacional;Navarra, Comunidad Foral de;Utilizar al menos un conocimiento informático;2021;74,9
Total Nacional;Navarra, Comunidad Foral de;Utilizar al menos un conocimiento informático;2020;74,8
Total Nacional;Navarra, Comunidad Foral de;Transferir ficheros entre el ordenador y otros dispositivos;2025;""
Total Nacional;Navarra, Comunidad Foral de;Transferir ficheros entre el ordenador y otros dispositivos;2024;..
Total Nacional;Navarra, Comunidad Foral de;Transferir ficheros entre el ordenador y otros dispositivos;2023;..
Total Nacional;Navarra, Comunidad Foral de;Transferir ficheros entre el ordenador y otros dispositivos;2022;""
Total Nacional;Navarra, Comunidad Foral de;Transferir ficheros entre el ordenador y otros dispositivos;2021;..
Total Nacional;Navarra, Comunidad Foral de;Transferir ficheros entre el ordenador y otros dispositivos;2020;55,6
Total Nacional;Navarra, Comunidad Foral de;Instalar o configurar software o aplicaciones (apps);2025;""
Total Nacional;Navarra, Comunidad Foral de;Instalar o configurar software o aplicaciones (apps);2024;..
Total Nacional;Navarra, Comunidad Foral de;Instalar o configurar software o aplicaciones (apps);2023;64,8
Total Nacional;Navarra, Comunidad Foral de;Instalar o configurar software o aplicaciones (apps);2022;""
Total Nacional;Navarra, Comunidad Foral de;Instalar o configurar software o aplicaciones (apps);2021;62,5
Total Nacional;Navarra, Comunidad Foral de;Instalar o configurar software o aplicaciones (apps);2020;60,2
Total Nacional;Navarra, Comunidad Foral de;Copiar o mover ficheros o carpetas;2025;""
Total Nacional;Navarra, Comunidad Foral de;Copiar o mover ficheros o carpetas;2024;..
Total Nacional;Navarra, Comunidad Foral de;Copiar o mover ficheros o carpetas;2023;65,2
Total Nacional;Navarra, Comunidad Foral de;Copiar o mover ficheros o carpetas;2022;""
Total Nacional;Navarra, Comunidad Foral de;Copiar o mover ficheros o carpetas;2021;64,5
Total Nacional;Navarra, Comunidad Foral de;Copiar o mover ficheros o carpetas;2020;62,2
Total Nacional;Navarra, Comunidad Foral de;Crear presentaciones o documentos que integren texto, tablas o gráficos;2025;""
Total Nacional;Navarra, Comunidad Foral de;Crear presentaciones o documentos que integren texto, tablas o gráficos;2024;..
Total Nacional;Navarra, Comunidad Foral de;Crear presentaciones o documentos que integren texto, tablas o gráficos;2023;51,8
Total Nacional;Navarra, Comunidad Foral de;Crear presentaciones o documentos que integren texto, tablas o gráficos;2022;""
Total Nacional;Navarra, Comunidad Foral de;Crear presentaciones o documentos que integren texto, tablas o gráficos;2021;45,8
Total Nacional;Navarra, Comunidad Foral de;Crear presentaciones o documentos que integren texto, tablas o gráficos;2020;43,1
Total Nacional;Navarra, Comunidad Foral de;Usar hojas de cálculo;2025;""
Total Nacional;Navarra, Comunidad Foral de;Usar hojas de cálculo;2024;..
Total Nacional;Navarra, Comunidad Foral de;Usar hojas de cálculo;2023;46,4
Total Nacional;Navarra, Comunidad Foral de;Usar hojas de cálculo;2022;""
Total Nacional;Navarra, Comunidad Foral de;Usar hojas de cálculo;2021;39,6
Total Nacional;Navarra, Comunidad Foral de;Usar hojas de cálculo;2020;41,8
Total Nacional;Navarra, Comunidad Foral de;Programar en un lenguaje de programación;2025;""
Total Nacional;Navarra, Comunidad Foral de;Programar en un lenguaje de programación;2024;..
Total Nacional;Navarra, Comunidad Foral de;Programar en un lenguaje de programación;2023;10,1
Total Nacional;Navarra, Comunidad Foral de;Programar en un lenguaje de programación;2022;""
Total Nacional;Navarra, Comunidad Foral de;Programar en un lenguaje de programación;2021;5,1
Total Nacional;Navarra, Comunidad Foral de;Programar en un lenguaje de programación;2020;8,1
Total Nacional;País Vasco;Utilizar al menos un conocimiento informático;2025;""
Total Nacional;País Vasco;Utilizar al menos un conocimiento informático;2024;..
Total Nacional;País Vasco;Utilizar al menos un conocimiento informático;2023;76,2
Total Nacional;País Vasco;Utilizar al menos un conocimiento informático;2022;""
Total Nacional;País Vasco;Utilizar al menos un conocimiento informático;2021;73,5
Total Nacional;País Vasco;Utilizar al menos un conocimiento informático;2020;74,7
Total Nacional;País Vasco;Transferir ficheros entre el ordenador y otros dispositivos;2025;""
Total Nacional;País Vasco;Transferir ficheros entre el ordenador y otros dispositivos;2024;..
Total Nacional;País Vasco;Transferir ficheros entre el ordenador y otros dispositivos;2023;..
Total Nacional;País Vasco;Transferir ficheros entre el ordenador y otros dispositivos;2022;""
Total Nacional;País Vasco;Transferir ficheros entre el ordenador y otros dispositivos;2021;..
Total Nacional;País Vasco;Transferir ficheros entre el ordenador y otros dispositivos;2020;54,5
Total Nacional;País Vasco;Instalar o configurar software o aplicaciones (apps);2025;""
Total Nacional;País Vasco;Instalar o configurar software o aplicaciones (apps);2024;..
Total Nacional;País Vasco;Instalar o configurar software o aplicaciones (apps);2023;63,9
Total Nacional;País Vasco;Instalar o configurar software o aplicaciones (apps);2022;""
Total Nacional;País Vasco;Instalar o configurar software o aplicaciones (apps);2021;60,5
Total Nacional;País Vasco;Instalar o configurar software o aplicaciones (apps);2020;62,1
Total Nacional;País Vasco;Copiar o mover ficheros o carpetas;2025;""
Total Nacional;País Vasco;Copiar o mover ficheros o carpetas;2024;..
Total Nacional;País Vasco;Copiar o mover ficheros o carpetas;2023;60,9
Total Nacional;País Vasco;Copiar o mover ficheros o carpetas;2022;""
Total Nacional;País Vasco;Copiar o mover ficheros o carpetas;2021;63,4
Total Nacional;País Vasco;Copiar o mover ficheros o carpetas;2020;62,6
Total Nacional;País Vasco;Crear presentaciones o documentos que integren texto, tablas o gráficos;2025;""
Total Nacional;País Vasco;Crear presentaciones o documentos que integren texto, tablas o gráficos;2024;..
Total Nacional;País Vasco;Crear presentaciones o documentos que integren texto, tablas o gráficos;2023;47
Total Nacional;País Vasco;Crear presentaciones o documentos que integren texto, tablas o gráficos;2022;""
Total Nacional;País Vasco;Crear presentaciones o documentos que integren texto, tablas o gráficos;2021;47,2
Total Nacional;País Vasco;Crear presentaciones o documentos que integren texto, tablas o gráficos;2020;43,7
Total Nacional;País Vasco;Usar hojas de cálculo;2025;""
Total Nacional;País Vasco;Usar hojas de cálculo;2024;..
Total Nacional;País Vasco;Usar hojas de cálculo;2023;40,1
Total Nacional;País Vasco;Usar hojas de cálculo;2022;""
Total Nacional;País Vasco;Usar hojas de cálculo;2021;42,5
Total Nacional;País Vasco;Usar hojas de cálculo;2020;41,5
Total Nacional;País Vasco;Programar en un lenguaje de programación;2025;""
Total Nacional;País Vasco;Programar en un lenguaje de programación;2024;..
Total Nacional;País Vasco;Programar en un lenguaje de programación;2023;8,7
Total Nacional;País Vasco;Programar en un lenguaje de programación;2022;""
Total Nacional;País Vasco;Programar en un lenguaje de programación;2021;6,8
Total Nacional;País Vasco;Programar en un lenguaje de programación;2020;6,4
Total Nacional;Rioja, La;Utilizar al menos un conocimiento informático;2025;""
Total Nacional;Rioja, La;Utilizar al menos un conocimiento informático;2024;..
Total Nacional;Rioja, La;Utilizar al menos un conocimiento informático;2023;76,7
Total Nacional;Rioja, La;Utilizar al menos un conocimiento informático;2022;""
Total Nacional;Rioja, La;Utilizar al menos un conocimiento informático;2021;76,7
Total Nacional;Rioja, La;Utilizar al menos un conocimiento informático;2020;70,1
Total Nacional;Rioja, La;Transferir ficheros entre el ordenador y otros dispositivos;2025;""
Total Nacional;Rioja, La;Transferir ficheros entre el ordenador y otros dispositivos;2024;..
Total Nacional;Rioja, La;Transferir ficheros entre el ordenador y otros dispositivos;2023;..
Total Nacional;Rioja, La;Transferir ficheros entre el ordenador y otros dispositivos;2022;""
Total Nacional;Rioja, La;Transferir ficheros entre el ordenador y otros dispositivos;2021;..
Total Nacional;Rioja, La;Transferir ficheros entre el ordenador y otros dispositivos;2020;51,5
Total Nacional;Rioja, La;Instalar o configurar software o aplicaciones (apps);2025;""
Total Nacional;Rioja, La;Instalar o configurar software o aplicaciones (apps);2024;..
Total Nacional;Rioja, La;Instalar o configurar software o aplicaciones (apps);2023;64
Total Nacional;Rioja, La;Instalar o configurar software o aplicaciones (apps);2022;""
Total Nacional;Rioja, La;Instalar o configurar software o aplicaciones (apps);2021;62,4
Total Nacional;Rioja, La;Instalar o configurar software o aplicaciones (apps);2020;59
Total Nacional;Rioja, La;Copiar o mover ficheros o carpetas;2025;""
Total Nacional;Rioja, La;Copiar o mover ficheros o carpetas;2024;..
Total Nacional;Rioja, La;Copiar o mover ficheros o carpetas;2023;58,9
Total Nacional;Rioja, La;Copiar o mover ficheros o carpetas;2022;""
Total Nacional;Rioja, La;Copiar o mover ficheros o carpetas;2021;64,5
Total Nacional;Rioja, La;Copiar o mover ficheros o carpetas;2020;57,8
Total Nacional;Rioja, La;Crear presentaciones o documentos que integren texto, tablas o gráficos;2025;""
Total Nacional;Rioja, La;Crear presentaciones o documentos que integren texto, tablas o gráficos;2024;..
Total Nacional;Rioja, La;Crear presentaciones o documentos que integren texto, tablas o gráficos;2023;47,1
Total Nacional;Rioja, La;Crear presentaciones o documentos que integren texto, tablas o gráficos;2022;""
Total Nacional;Rioja, La;Crear presentaciones o documentos que integren texto, tablas o gráficos;2021;47,3
Total Nacional;Rioja, La;Crear presentaciones o documentos que integren texto, tablas o gráficos;2020;37,3
Total Nacional;Rioja, La;Usar hojas de cálculo;2025;""
Total Nacional;Rioja, La;Usar hojas de cálculo;2024;..
Total Nacional;Rioja, La;Usar hojas de cálculo;2023;40
Total Nacional;Rioja, La;Usar hojas de cálculo;2022;""
Total Nacional;Rioja, La;Usar hojas de cálculo;2021;37,8
Total Nacional;Rioja, La;Usar hojas de cálculo;2020;37,6
Total Nacional;Rioja, La;Programar en un lenguaje de programación;2025;""
Total Nacional;Rioja, La;Programar en un lenguaje de programación;2024;..
Total Nacional;Rioja, La;Programar en un lenguaje de programación;2023;7,9
Total Nacional;Rioja, La;Programar en un lenguaje de programación;2022;""
Total Nacional;Rioja, La;Programar en un lenguaje de programación;2021;4,5
Total Nacional;Rioja, La;Programar en un lenguaje de programación;2020;6,5
Total Nacional;Ceuta;Utilizar al menos un conocimiento informático;2025;""
Total Nacional;Ceuta;Utilizar al menos un conocimiento informático;2024;..
Total Nacional;Ceuta;Utilizar al menos un conocimiento informático;2023;77,8
Total Nacional;Ceuta;Utilizar al menos un conocimiento informático;2022;""
Total Nacional;Ceuta;Utilizar al menos un conocimiento informático;2021;68
Total Nacional;Ceuta;Utilizar al menos un conocimiento informático;2020;72
Total Nacional;Ceuta;Transferir ficheros entre el ordenador y otros dispositivos;2025;""
Total Nacional;Ceuta;Transferir ficheros entre el ordenador y otros dispositivos;2024;..
Total Nacional;Ceuta;Transferir ficheros entre el ordenador y otros dispositivos;2023;..
Total Nacional;Ceuta;Transferir ficheros entre el ordenador y otros dispositivos;2022;""
Total Nacional;Ceuta;Transferir ficheros entre el ordenador y otros dispositivos;2021;..
Total Nacional;Ceuta;Transferir ficheros entre el ordenador y otros dispositivos;2020;47,4
Total Nacional;Ceuta;Instalar o configurar software o aplicaciones (apps);2025;""
Total Nacional;Ceuta;Instalar o configurar software o aplicaciones (apps);2024;..
Total Nacional;Ceuta;Instalar o configurar software o aplicaciones (apps);2023;69,3
Total Nacional;Ceuta;Instalar o configurar software o aplicaciones (apps);2022;""
Total Nacional;Ceuta;Instalar o configurar software o aplicaciones (apps);2021;61,6
Total Nacional;Ceuta;Instalar o configurar software o aplicaciones (apps);2020;50,7
Total Nacional;Ceuta;Copiar o mover ficheros o carpetas;2025;""
Total Nacional;Ceuta;Copiar o mover ficheros o carpetas;2024;..
Total Nacional;Ceuta;Copiar o mover ficheros o carpetas;2023;58
Total Nacional;Ceuta;Copiar o mover ficheros o carpetas;2022;""
Total Nacional;Ceuta;Copiar o mover ficheros o carpetas;2021;54,5
Total Nacional;Ceuta;Copiar o mover ficheros o carpetas;2020;49,4
Total Nacional;Ceuta;Crear presentaciones o documentos que integren texto, tablas o gráficos;2025;""
Total Nacional;Ceuta;Crear presentaciones o documentos que integren texto, tablas o gráficos;2024;..
Total Nacional;Ceuta;Crear presentaciones o documentos que integren texto, tablas o gráficos;2023;45,7
Total Nacional;Ceuta;Crear presentaciones o documentos que integren texto, tablas o gráficos;2022;""
Total Nacional;Ceuta;Crear presentaciones o documentos que integren texto, tablas o gráficos;2021;45,1
Total Nacional;Ceuta;Crear presentaciones o documentos que integren texto, tablas o gráficos;2020;49,3
Total Nacional;Ceuta;Usar hojas de cálculo;2025;""
Total Nacional;Ceuta;Usar hojas de cálculo;2024;..
Total Nacional;Ceuta;Usar hojas de cálculo;2023;27,7
Total Nacional;Ceuta;Usar hojas de cálculo;2022;""
Total Nacional;Ceuta;Usar hojas de cálculo;2021;51,3
Total Nacional;Ceuta;Usar hojas de cálculo;2020;38,2
Total Nacional;Ceuta;Programar en un lenguaje de programación;2025;""
Total Nacional;Ceuta;Programar en un lenguaje de programación;2024;..
Total Nacional;Ceuta;Programar en un lenguaje de programación;2023;3
Total Nacional;Ceuta;Programar en un lenguaje de programación;2022;""
Total Nacional;Ceuta;Programar en un lenguaje de programación;2021;3,8
Total Nacional;Ceuta;Programar en un lenguaje de programación;2020;8,4
Total Nacional;Melilla;Utilizar al menos un conocimiento informático;2025;""
Total Nacional;Melilla;Utilizar al menos un conocimiento informático;2024;..
Total Nacional;Melilla;Utilizar al menos un conocimiento informático;2023;81,4
Total Nacional;Melilla;Utilizar al menos un conocimiento informático;2022;""
Total Nacional;Melilla;Utilizar al menos un conocimiento informático;2021;91,6
Total Nacional;Melilla;Utilizar al menos un conocimiento informático;2020;66,2
Total Nacional;Melilla;Transferir ficheros entre el ordenador y otros dispositivos;2025;""
Total Nacional;Melilla;Transferir ficheros entre el ordenador y otros dispositivos;2024;..
Total Nacional;Melilla;Transferir ficheros entre el ordenador y otros dispositivos;2023;..
Total Nacional;Melilla;Transferir ficheros entre el ordenador y otros dispositivos;2022;""
Total Nacional;Melilla;Transferir ficheros entre el ordenador y otros dispositivos;2021;..
Total Nacional;Melilla;Transferir ficheros entre el ordenador y otros dispositivos;2020;33,8
Total Nacional;Melilla;Instalar o configurar software o aplicaciones (apps);2025;""
Total Nacional;Melilla;Instalar o configurar software o aplicaciones (apps);2024;..
Total Nacional;Melilla;Instalar o configurar software o aplicaciones (apps);2023;60,5
Total Nacional;Melilla;Instalar o configurar software o aplicaciones (apps);2022;""
Total Nacional;Melilla;Instalar o configurar software o aplicaciones (apps);2021;73
Total Nacional;Melilla;Instalar o configurar software o aplicaciones (apps);2020;49,2
Total Nacional;Melilla;Copiar o mover ficheros o carpetas;2025;""
Total Nacional;Melilla;Copiar o mover ficheros o carpetas;2024;..
Total Nacional;Melilla;Copiar o mover ficheros o carpetas;2023;69,6
Total Nacional;Melilla;Copiar o mover ficheros o carpetas;2022;""
Total Nacional;Melilla;Copiar o mover ficheros o carpetas;2021;66,2
Total Nacional;Melilla;Copiar o mover ficheros o carpetas;2020;58
Total Nacional;Melilla;Crear presentaciones o documentos que integren texto, tablas o gráficos;2025;""
Total Nacional;Melilla;Crear presentaciones o documentos que integren texto, tablas o gráficos;2024;..
Total Nacional;Melilla;Crear presentaciones o documentos que integren texto, tablas o gráficos;2023;54,1
Total Nacional;Melilla;Crear presentaciones o documentos que integren texto, tablas o gráficos;2022;""
Total Nacional;Melilla;Crear presentaciones o documentos que integren texto, tablas o gráficos;2021;68,1
Total Nacional;Melilla;Crear presentaciones o documentos que integren texto, tablas o gráficos;2020;33,1
Total Nacional;Melilla;Usar hojas de cálculo;2025;""
Total Nacional;Melilla;Usar hojas de cálculo;2024;..
Total Nacional;Melilla;Usar hojas de cálculo;2023;43
Total Nacional;Melilla;Usar hojas de cálculo;2022;""
Total Nacional;Melilla;Usar hojas de cálculo;2021;52,5
Total Nacional;Melilla;Usar hojas de cálculo;2020;21,2
Total Nacional;Melilla;Programar en un lenguaje de programación;2025;""
Total Nacional;Melilla;Programar en un lenguaje de programación;2024;..
Total Nacional;Melilla;Programar en un lenguaje de programación;2023;4,5
Total Nacional;Melilla;Programar en un lenguaje de programación;2022;""
Total Nacional;Melilla;Programar en un lenguaje de programación;2021;12,1
Total Nacional;Melilla;Programar en un lenguaje de programación;2020;..
